No,Operator,Product,Description,Normal Price,Price,Discount
1,XL,"Xtra Hotrod Special 2GB, 7hr",Kuota Utama 500MB + Kuota Area hingga 3.5GB + YouTube 24jam 1.5GB. Masa aktif 7 hari. Tidak berlaku perpanjangan otomatis.,11941,11200,741
2,XL,"Xtra Hotrod Special 3GB, 7hr",Kuota Utama 1GB + Kuota Area hingga 6GB + YouTube 24jam 2GB. Masa aktif 7 hari. Tidak berlaku perpanjangan otomatis.,14889,14000,889
3,Axis,BRONET Mini 1.5GB 7 hari,Kuota Internet 1.5GB berlaku di semua Jaringan 2G/3G/4G (NATIONAL Wide) dari jam 00-23.59 untuk 7 hari,14850,13973,877
4,Telkomsel,"Telkomsel Data Flash 1GB, 30Hr","Kuota utama 1GB, masa aktif 30 Hari",24280,23550,730
5,Axis,BRONET Mini 2GB 7 hari,Kuota Internet 2GB berlaku di semua Jaringan 2G/3G/4G (NATIONAL Wide) dari jam 00-23.59 untuk 7 hari,18849,16357,2492
6,XL,"Xtra Hotrod Special 4.5GB, 7hr",Kuota Utama 1.5GB + Kuota Area hingga 8.5GB + YouTube 24jam 3GB. Masa aktif 7 hari. Tidak berlaku perpanjangan otomatis.,19852,18725,1127
7,Axis,AIGO Bronet Mini 3GB 15hr,"Kuota Utama 3GB, Kuota Lokal mulai 2GB dan Bonus kuota video/sosmed/games di area tertentu, masa aktif paket 15hari. Cek Kuota Utama/Lokal/sisa kuota di AXISnet. Unduh AXISnet dari Google Play atau Apple Store. Bronet Mini tidak berlaku perpanjangan",22900,21050,1850
8,Axis,Paket Internet Axis BRONET 2GB 60 Hari,Kuota 2GB (2G/3G/4G) 24Jam. Masa aktif 60 hari.,29400,26875,2525
9,Axis,BRONET Mini 5GB 7 hari,Kuota Internet 5GB berlaku di semua Jaringan 2G/3G/4G (NATIONAL Wide) dari jam 00-23.59 untuk 7 hari,29900,26300,3600
10,Axis,BRONET Mini 8GB 7 hari,Kuota Internet 8GB berlaku di semua Jaringan 2G/3G/4G (NATIONAL Wide) dari jam 00-23.59 untuk 7 hari,34900,32450,2450
11,Telkomsel,Telkomsel Data Flash 2GB,"2GB All Network, bebas zona, masa aktif 30 hari.",49980,47250,2730
12,Axis,Paket Internet Axis BRONET 3GB 60 Hari NEW!,Kuota 3GB (2G/3G/4G) 24Jam. Masa aktif 60 hari.,36999,33850,3149
13,Telkomsel,Telkomsel Data Flash 3GB,"3GB All Network, bebas zona, masa aktif 30 hari.",57280,54500,2780
14,XL,Xtra Combo Flex Basic 4GB + Kuota Area Hingga 1.5GB + Bonus Flex,5GB Kuota Utama + Kuota Area hingga 5GB + 5Min Nelpon ke Semua Operator + Ambil bonus Kuota Utama/Xtra Unlimited Turbo/Vidio Platinum di myXL. Masa aktif Paket 30hr. Info lanjut di xl.co.id/xcfm,45000,41225,3775
15,Telkomsel,Telkomsel Data Flash 4GB,"4GB All Network, bebas zona, masa aktif 30 hari.",76680,69500,7180
16,XL,"Akrab 28GB, 2 Anggota, 30hr",10GB Kuota Bersama + Bonus Kuota Pribadi hingga 9GB per Anggota + Unlimited Kuota Aplikasi + Unlimited Nelpon & SMS ke XL/AXIS. Cek Kuota Pribadi di areamu xl.co.id/akrab,62000,60475,1525
17,XL,Xtra Combo Flex Plus 10GB + Kuota Area Hingga 14GB + Bonus Flex,10GB Kuota Utama + Kuota Area hingga 14GB + 20Min Nelpon ke Semua Operator + Ambil bonus Kuota Utama/Xtra Unlimited Turbo/Vidio Platinum di myXL. Masa aktif Paket 30hr. Info lanjut di xl.co.id/xcfm,65000,61750,3250
18,Indosat,Freedom Internet 18GB / 30 Hari + Bonus Kuota Zona Hingga 18GB,"• Kuota Utama 18GB, masa aktif 30 hari • Bonus tambahan kuota zona hingga 18GB, jika registrasi paket di zona kuota plus Freedom Internet. Info im3.do/kuotaplusec • Baru! Nelpon sepuasnya ke sesama IM3 & Tri, suara lebih jernih didukung jaringan VoLTE • Pembelian paket akan menggantikan paket yang masih aktif",65900,62700,3200
19,Indosat,Freedom Internet 28GB / 30 Hari + Bonus Kuota Zona Hingga 28GB,"• Kuota Utama 28GB, masa aktif 30 hari • Bonus tambahan kuota zona hingga 28GB, jika registrasi paket di zona kuota plus Freedom Internet. Info im3.do/kuotaplusec • Baru! Nelpon sepuasnya ke sesama IM3 & Tri, suara lebih jernih didukung jaringan VoLTE • Pembelian paket akan menggantikan paket yang masih aktif",87400,83600,3800
20,Indosat, Freedom U 45GB / 30 Hari,"• Kuota utama 10GB + Kuota Youtube, Netflix, Instagram, Zoom & Apps 35GB. • Kelebihan Penggunaan Apps akan menggunakan kuota utama. • Pulsa Safe hingga 64Kbps berlaku jika kuota utama habis. • Baru! Kini dgn Nelpon Sepuasnya Ke Sesama IM3 & Tri. • Masa aktif 30 hari. • Pembelian paket akan menggantikan paket yg masih aktif.",105500,101650,3850
21,Indosat,Freedom Internet 44GB / 30 Hari + Bonus Kuota Zona Hingga 44GB,"• Kuota Utama 44GB, masa aktif 30 hari • Bonus tambahan kuota zona hingga 44GB, jika registrasi paket di zona kuota plus Freedom Internet. Info im3.do/kuotaplusec • Baru! Nelpon sepuasnya ke sesama IM3 & Tri, suara lebih jernih didukung jaringan VoLTE • Pembelian paket akan menggantikan paket yang masih aktif",109750,104500,5250
22,XL,Xtra Combo Flex Ultra 35GB + Kuota Area Hingga 40GB + Bonus Flex,35GB Kuota Utama + Kuota Area hingga 40GB + 40Min Nelpon ke Semua Operator + Ambil bonus Kuota Utama/Xtra Unlimited Turbo/Vidio Platinum di myXL. Masa aktif Paket 30hr. Info lanjut di xl.co.id/xcfm,135000,120150,14850
23,XL,Xtra Combo Flex Supreme 48GB + Kuota Area Hingga 67GB + Bonus Flex,48GB Kuota Utama + Kuota Area hingga 67GB + 60Min Nelpon ke Semua Operator + Ambil bonus Kuota Utama/Xtra Unlimited Turbo/Vidio Platinum di myXL. Masa aktif Paket 30hr. Info lanjut di xl.co.id/xcfm,185000,164650,20350
24,XL,"Xtra Edukasi 2GB, 1hr","Kuota utama 2GB, Dapat digunakan di jaringan 2G/3G/4G dari jam 00.00-24.00 WIB, Kuota dapat digunakan untuk mengakses Rumah Belajar Kemendikbud, Spada Indonesia Kemendikbud, Ruang Guru, Zenius, Sekolahmu, dan website Lembaga Pendidikan dan Universitas.Daftar website dan aplikasi lengkap cek di www.xl.co.id, Masa aktif 1 hari",1938,1938,62
25,XL,"Xtra Edukasi 5GB, 3hr","Kuota utama 5GB, Dapat digunakan di jaringan 2G/3G/4G dari jam 00.00-24.00 WIB, Kuota dapat digunakan untuk mengakses Rumah Belajar Kemendikbud, Spada Indonesia Kemendikbud, Ruang Guru, Zenius, Sekolahmu, dan website Lembaga Pendidikan dan Universitas.Daftar website dan aplikasi lengkap cek di www.xl.co.id, Masa aktif 3 hari",3435,3435,65
26,Axis,BRONET 24 Jam 1GB 1 Hr + Bonus Lokal Kuota," Main Kuota 1GB 1 hari selama 24Jam di semua Jaringan 2G/3G/4G,  Main Kuota 1GB 1 hari selama 24Jam di semua Jaringan 2G/3G/4G, Cek Lokal Kuota di website axis.co.id",3850,3850,0
27,XL,"Paket Blue 1GB, 2hr",Kuota Utama 1 GB Masa Aktif 2 hari,4900,4900,0
28,XL,XL Pure 500MB 30 hari,"Internet 500MB, masa aktif 30 hari.",9250,9250,0
29,Telkomsel,Paket Bicara Telkomsel 5.000,80 menit Onnet + 20 menit all operator. Masa aktif 1 hari. Kuota zona berlaku.,7750,7750,0
30,XL,"Xtra Edukasi 15GB, 7hr","Kuota utama 15GB, Dapat digunakan di jaringan 2G/3G/4G dari jam 00.00-24.00 WIB, Kuota dapat digunakan untuk mengakses Rumah Belajar Kemendikbud, Spada Indonesia Kemendikbud, Ruang Guru, Zenius, Sekolahmu, dan website Lembaga Pendidikan dan Universitas.Daftar website dan aplikasi lengkap cek di www.xl.co.id, Masa aktif 7 hari",8300,8300,700
31,XL,XL Pure 800MB 30 hari,"Internet 800MB, masa aktif 30 hari.",16500,16500,0
32,Axis,"Axis Data 500MB, 30 hari","Data 500MB, masa aktif 30 hari",10000,10000,0
33,Axis,AIGO Bronet Mini 1GB 5hr,"Kuota Utama 1GB, Kuota Lokal mulai 0,5GB dan Bonus kuota video/sosmed/games di area tertentu, masa aktif paket 5hari. Cek Kuota Utama/Lokal/sisa kuota di AXISnet. Unduh AXISnet dari Google Play atau Apple Store. Bronet Mini tidak berlaku perpanjangan",10400,10400,0
34,XL,"Paket Blue 3GB, 2hr",Kuota Utama 3 GB Masa Aktif 2 hari,9850,9850,0
35,Smartfren,Smartfren Internet Volume 4GB,"Untuk Smartphone & Mifi, Kuota 24 jam 1.25 GB, Kuota Malam 1.75 GB (01.00-04.59), Chat 1GB, Free On Net Call, Masa berlaku 7 Hari",10000,10000,0
36,XL,XL Pure 1GB 30 hari,"Internet 1GB, masa aktif 30 hari.",18000,18000,0
37,Axis,BRONET Mini 1GB 7 hari,Kuota Internet 1GB berlaku di semua Jaringan 2G/3G/4G (NATIONAL Wide) dari jam 00-23.59 untuk 7 hari,13900,13900,0
38,XL,XTRA ON 1GB,"Kuota utama 1GB,  Dapat digunakan di jaringan 2G/3G/4G dari jam 00.00-24.00 WIB, Masa aktif Unlimite",13940,13940,1060
39,Indosat,Freedom Internet 5GB/5 Hari,"""• Kuota Utama 5GB, masa aktif 5 Hari.  • Pembelian paket akan menggantikan paket yg masih aktif.""",14900,14900,0
40,Axis,"Axis Data 800MB, 30 hari","Data 800MB, masa aktif 30 hari",17500,17500,0
41,Axis,"Axis Data 1GB, 30 hari","Data 1GB, masa aktif 30 hari",18500,18500,0
42,Tri,Tri Happy 5GB,"5GB (semua jaringan 24 jam) masa aktif 7 hari. Pembelian lebih dari satu kali atau Paket Happy Lainnya, sisa kuota akan reset dan tergantikan oleh Paket Happy yang terbaru. Berhenti berlangganan ketik STOP MINGGUAN kirim ke 234.",19500,19500,0
43,Tri,Tri Happy 5GB,"5GB (semua jaringan 24 jam) masa aktif 7 hari. Pembelian lebih dari satu kali atau Paket Happy Lainnya, sisa kuota akan reset dan tergantikan oleh Paket Happy yang terbaru. Berhenti berlangganan ketik STOP MINGGUAN kirim ke 234.",25000,25000,0
44,Smartfren,Smartfren Internet Volume 6GB,"Untuk Smartphone & Mifi, Kuota 24 jam 2 GB, Kuota Malam 3 GB (01.00-04.59), Chat Chat 1GB, Free On Net Call, Masa berlaku 30 Hari",19700,19700,0
45,Indosat,Freedom Internet 7GB/7 Hari,"""• Kuota Utama 7GB, masa aktif 7 Hari.  • Pembelian paket akan menggantikan paket yg masih aktif.""",19900,19900,0
46,XL,XL Pure 2GB 30 hari,"Internet 2GB, masa aktif 30 hari.",33250,33250,0
47,Smartfren,SMART DATA UNLIMITED 4G 7HARI,"Unlimited 1GB/Day FUP*, Masa Aktif 7 Hari",22500,22500,0
48,XL,XTRA ON 2GB,"Kuota utama 2GB,  Dapat digunakan di jaringan 2G/3G/4G dari jam 00.00-24.00 WIB, Masa aktif Unlimited",22750,22750,2250
49,Axis,BRONET Mini 3GB 7 hari,Kuota Internet 3GB berlaku di semua Jaringan 2G/3G/4G (NATIONAL Wide) dari jam 00-23.59 untuk 7 hari,24900,24900,0
50,XL,"Xtra Hotrod Special 6.5GB, 7hr",Kuota Utama 2GB + Kuota Area hingga 12.5GB + YouTube 24jam 4.5GB. Masa aktif 7 hari. Tidak berlaku perpanjangan otomatis.,25000,25000,0
51,XL,XL Pure 3GB 30 hari,"Internet 3GB, masa aktif 30 hari.",52000,52000,0
52,Telkomsel,"Telkomsel Data Flash 2GB, 7 Hr"," Kuota utama 2GB, masa aktif 7 Hari",49980,49980,0
53,Smartfren,Smartfren Internet Volume 10GB,"Untuk Smartphone & Mifi, Kuota 24 jam 4 GB, Kuota Malam 4 GB (01.00-04.59), Chat 2GB, Free On Net Call, Masa berlaku 30 Hari",30000,30000,0
54,Axis,"Axis Data 2GB, 30 hari","Data 2GB, masa aktif 30 hari",32050,32050,0
55,Axis,"AXIS+ Bronet 24Jam 1GB 30hr, 6bln","Paket AXIS+ 24Jam 1GB 30hr, 6bln Kuota utama 1GB di 2G/3G/4G & Bonus 2GB Sosmed/ Chat perbulan selama 6 Bulan",36500,36500,3500
56,Smartfren,Smartfren Internet Volume 16GB,"Untuk Smartphone & Mifi, Kuota 24 jam 6 GB, Kuota Malam 8 GB (01.00-04.59), Chat 2 GB, Free On Net Call, Masa berlaku 30 Hari",38900,38900,0
57,Smartfren,Super 4G Unlimited 40K,"Unlimited 4G Data berlaku 24 jam, FUP 1GB per hari, Masa berlaku 14 hari (non MIFI)",40500,40500,0
58,Tri,AON 9GB,"Kuota AlwaysOn = 9GB, aktif selamanya (mengikuti masa aktif kartu). Menambah masa aktif kartu 90 hari. Maksimal masa aktif kartu 365 hari.",42500,42500,0
59,Smartfren,Unlimited Nonstop 45RB,"Kuota Utama 12GB Unlimited,Masa aktif 30 hari,Gratis akses ke aplikasi tertentu,Gratis nelpon ke sesama Smartfren",44500,44500,0
60,Axis,"Axis Data 3GB, 30 hari","Data 3GB, masa aktif 30 hari",48070,48070,0
61,Axis,Paket Internet Axis BRONET 5GB 60 Hari NEW!,Kuota 5GB (2G/3G/4G) 24Jam. Masa aktif 60 hari.,54900,54900,0
62,Tri,Happy 14GB 30 hari + TikTok 5GB,"""Kuota 14GB (semua jaringan 24 jam), masa aktif 30 hari. Bonus kuota TikTok 5GB 5 hari (1GB/hari).  Pembelian lebih dari satu kali atau Paket Happy Lainnya, sisa kuota akan reset dan tergantikan oleh Paket Happy yang terbaru. Berhenti berlangganan ketik STOP BULANAN kirim ke 234.""",53500,53500,0
63,Telkomsel,PAKET INTERNET BULANAN OMG! 55K,"KUOTA 3,3 GB sd 7 GB + 1 GB OMG!",56500,56500,0
64,XL,"XTRA Combo 5GB+10GB, Double Youtube, 30hr","5GB Kuota Utama + 10GB Kuota Youtube (00:24 - 24:00) + Unlimited Kuota Youtube (01:00 - 06:00) + 20 Menit Nelpon ke Semua Operator. Masa aktif 30 hari, sisa kuota (Max. 1GB) dapat digunakan di bulan berikutnya.",59000,59000,0
65,Smartfren,Smartfren Internet Volume 30 GB,"Untuk Smartphone & Mifi, Kuota 24 jam 10 GB, Kuota Malam 20 GB (01.00-04.59), Free On Net Call Masa berlaku 30 Hari",58500,58500,0
66,XL,XL Data 4GB,"Kuota 4GB, 24 jam. Masa aktif 30 hari",60750,60750,0
67,Smartfren,Super 4G Unlimited 60K,"Unlimited 4G Data berlaku 24 jam, FUP 700MB per hari, Masa berlaku 28 hari (non MIFI)",62000,62000,0
68,Axis,"Axis Data 4GB, 30 hari","Data 4GB, masa aktif 30 hari",63320,63320,0
69,XL,"XTRA Combo VIP 5GB+10GB, Double Youtube, 30hr","5GB Kuota Utama + 10GB Kuota Youtube (00:00 - 24:00) + Unlimited Kuota Youtube (01:00 - 06:00) + 20 Menit Nelpon ke Semua Operator. Masa aktif 30 hari, sisa kuota dapat digunakan di bulan berikutnya.",69000,69000,0
70,Axis,BRONET 24Jam 8GB + Games 2GB,"Paket Internet Axis 8GB 24Jam all Network + 2GB Games (Freefire/Mobile Legend/AOV/Vainglory/L2R/ModernCombats/HAGO/ASPALT9), selama 60 hari",69500,69500,6400
71,Axis,BRONET 24Jam 8GB 60D + Sosmed 2GB 30D,"Paket Internet Axis 8GB 24Jam all Network, 60hr + 2GB SosMed 30hr (Facebook/Instagram/Twitter/Tiktok)",67500,67500,8400
72,Smartfren,Unlimited Nonstop 70RB,"Kuota Utama 30GB Unlimited,Masa aktif 30 hari,Gratis akses ke aplikasi tertentu,Gratis nelpon ke sesama Smartfren",69500,69500,0
73,Axis,"AXIS+ Bronet 24Jam 2GB 30hr, 6bln","Paket AXIS+ 24Jam 2GB 30hr, 6bln Kuota utama 2GB di 2G/3G/4G & Bonus 5GB Sosmed/ Chat perbulan selama 6 Bulan",71000,71000,4000
74,Axis,"AXIS+ Bronet 24Jam 1GB 30hr, 12bln","Paket AXIS+ 24Jam 1GB 30hr, 12bln Kuota utama 1GB di 2G/3G/4G & Bonus 2GB Sosmed/ Chat perbulan selama 12 Bulan",77000,77000,8000
75,XL,XL Data 5GB,"Kuota 5GB, 24 jam. Masa aktif 30 hari",79500,79500,0
76,Axis,"Axis Data 5GB, 30 hari","Data 5GB, masa aktif 30 hari",79570,79570,0
77,Axis,BRONET 24Jam 10GB + Games 2GB,"Paket Internet Axis 10GB 24Jam all Network + 2GB Games (Freefire/Mobile Legend/AOV/Vainglory/L2R/ModernCombats/HAGO/ASPALT9), selama 60 hari",79700,79700,8200
78,Axis,BRONET 24Jam 10GB 60D + Sosmed 2GB 30D,"Paket Internet Axis 10GB 24Jam all Network, 60hr + 2GB SosMed 30hr (Facebook/Instagram/Twitter/Tiktok)",79500,79500,8400
79,Smartfren,Super 4G Unlimited 80K,Unlimited 1GB+1GB /day FUP. Active period 28 days.,81500,81500,0
80,XL,"XTRA Combo 10GB+20GB, Double Youtube, 30hr","10GB Kuota Utama + 20GB Kuota Youtube (00:24 - 24:00) + Unlimited Kuota Youtube (01:00 - 06:00) + 30 Menit Nelpon ke Semua Operator. Masa aktif 30 hari, sisa kuota (Max. 1GB) dapat digunakan di bulan berikutnya.",89000,89000,0
81,Axis,"AXIS+ Bronet 24Jam 3GB 30hr, 6bln","Paket AXIS+ 24Jam 3GB 30hr, 6bln Kuota utama 3GB di 2G/3G/4G & Bonus 7GB Sosmed/ Chat perbulan selama 6 Bulan",87000,87000,8000
82,Axis,BRONET 24Jam 12GB + Games 2GB,"Paket Internet Axis 12GB 24Jam all Network + 2GB Games (Freefire/Mobile Legend/AOV/Vainglory/L2R/ModernCombats/HAGO/ASPALT9), selama 60 hari",90000,90000,7900
83,Axis,BRONET 24Jam 12GB 60D + Sosmed 2GB 30D,"Paket Internet Axis 12GB 24Jam all Network, 60hr + 2GB SosMed 30hr (Facebook/Instagram/Twitter/Tiktok)",89000,89000,8900
84,XL,Xtra Combo Flex Super 20GB + Kuota Area Hingga 22GB + Bonus Flex,20GB Kuota Utama + Kuota Area hingga 22GB + 30Min Nelpon ke Semua Operator + Ambil bonus Kuota Utama/Xtra Unlimited Turbo/Vidio Platinum di myXL. Masa aktif Paket 30hr. Info lanjut di xl.co.id/xcfm,95000,95000,0
85,XL,"XTRA Combo VIP 10GB+20GB, Double Youtube, 30hr","10GB Kuota Utama + 20GB Kuota Youtube (00:00 - 24:00) + Unlimited Kuota Youtube (01:00 - 06:00) + 30 Menit Nelpon ke Semua Operator. Masa aktif 30 hari, sisa kuota dapat digunakan di bulan berikutnya.",99000,99000,0
86,Indosat, Freedom U 35GB / 30 Hari,"• Kuota utama 7GB + Kuota Youtube, Netflix, Instagram, Zoom & Apps 28GB. • Kelebihan Penggunaan Apps akan menggunakan kuota utama. • Baru! Kini dgn Nelpon Sepuasnya Ke Sesama IM3 & Tri. • Masa aktif 30 hari. • Pembelian paket akan menggantikan paket yg masih aktif.",94900,94900,0
87,Smartfren,Smartfren Internet Volume 60 GB,"Untuk Smartphone & Mifi, Kuota 24 jam 20 GB, Kuota Malam 40 GB (01.00-04.59), Free On Net Call    & SmartMusic Subscription, Masa berlaku 30 Hari",98000,98000,0
88,Smartfren,Unlimited Nonstop 100RB,"Kuota Utama 45GB Unlimited,Masa aktif 30 hari,Gratis akses ke aplikasi tertentu,Gratis nelpon ke sesama Smartfren",97500,97500,0
89,XL,"Internet Umroh & Haji 1GB+1GB, 45hr",1GB Kuota Utama untuk di Indonesia + 1GB Kuota Utama untuk di Arab Saudi. Masa aktif 45 hari. Syarat & ketentuan lebih lengkap di xl.co.id/umrohhaji,99000,99000,0
90,XL,"Nelpon Umroh & Haji, 60hr",50 Min Nelpon ke Indonesia / Arab Saudi dan Terima telepon + 10 SMS. Masa aktif 60 hari. Syarat & ketentuan lebih lengkap di xl.co.id/umrohhaji,99000,99000,0
91,Smartfren,Super 4G Unlimited Bulanan 100K,Unlimited 1.5GB+1.5GB /day FUP. Active period 28 days.,99900,99900,0
92,Indosat,Freedom Internet 42GB / 30 hari,Kuota Utama 42GB berlaku 30 hari. Rp100rb/30hr.,100000,100000,0
93,Indosat, Freedom Combo 40GB / 30 Hari,• Kuota Utama 30GB+Kuota Malam 10GB. • Baru! Kini dgn Nelpon Sepuasnya Ke Sesama IM3 & Tri+Nelp ke Oprtr Lain 30 Menit. • Masa aktif 30 hari. • Pembelian paket akan menggantikan paket yg masih aktif.,107280,107280,0
94,Indosat, Freedom Combo 40GB / 30 Hari,• Kuota Utama 30GB+Kuota Malam 10GB. • Baru! Kini dgn Nelpon Sepuasnya Ke Sesama IM3 & Tri+Nelp ke Oprtr Lain 30 Menit. • Masa aktif 30 hari. • Pembelian paket akan menggantikan paket yg masih aktif.,107280,107280,0
95,Indosat,Freedom Internet Sensasi 50GB / 30 Hari,"•  Kuota Utama 50GB, masa aktif 30 hari,•  Nelpon Sepuasnya ke sesama IM3 & Tri,• Tambahan eksklusif akses FIFA Worldcup Qatar 2022 di aplikasi Vidio. Berlaku sd 31 Des 2022.• Pembelian paket akan menggantikan paket yang masih aktif",107500,107500,0
96,XL,"Akrab 63GB, 2 Anggota, 30hr",25GB Kuota Bersama + Bonus Kuota Pribadi hingga 19GB per Anggota + Unlimited Kuota Aplikasi + Unlimited Nelpon & SMS ke XL/AXIS. Cek Kuota Pribadi di areamu xl.co.id/akrab,125000,125000,0
97,Smartfren,Unlimited Nonstop 125RB,"Kuota Utama 60GB Unlimited,Masa aktif 30 hari,Gratis akses ke aplikasi tertentu,Gratis nelpon ke sesama Smartfren",124500,124500,0
98,XL,XL Data 8GB,"Kuota 8GB, 24 jam. Masa aktif 30 hari",123500,123500,0
99,Axis,"Axis Data 8GB, 30 hari","Data 8GB, masa aktif 30 hari",123500,123500,0
100,XL,"XTRA Combo 15GB+30GB, Double Youtube, 30hr","15GB Kuota Utama + 30GB Kuota Youtube (00:24 - 24:00) + Unlimited Kuota Youtube (01:00 - 06:00) + 40 Menit Nelpon ke Semua Operator. Masa aktif 30 hari, sisa kuota (Max. 1GB) dapat digunakan di bulan berikutnya.",129000,129000,0
101,XL,"XTRA Combo VIP 15GB+30GB, Double Youtube, 30hr","15GB Kuota Utama + 30GB Kuota Youtube (00:00 - 24:00) + Unlimited Kuota Youtube (01:00 - 06:00) + 40 Menit Nelpon ke Semua Operator. Masa aktif 30 hari, sisa kuota dapat digunakan di bulan berikutnya.",139000,139000,0
102,Indosat,Freedom Internet Sensasi 100GB / 30 Hari,"Freedom Internet Sensasi 100GB/ 30 hari PROMO Freedom Internet Sensasi  . Kuota Utama 100GB, masa aktif 30 hari . Tambahan eksklusif akses FIFA Worldcup Qatar 2022 di aplikasi Vidio. Nelpon Sepuasnya ke sesama IM3 & Tri . Pembelian paket akan menggantikan paket yang masih aktif",136000,136000,0
103,Telkomsel, PAKET BICARA SEMUA OPERATOR 30HARI  PLUS, 9500menit Onnet + 200menit AllOpr ,140750,140750,0
104,Smartfren,Smartfren Internet Volume 90GB,"Untuk Smartphone & Mifi, Kuota 24 jam 30 GB, Kuota Malam 60GB (01.00-04.59), Free On Net Call & SmartMusic Subscription, Masa berlaku 30 Hari",146500,146500,0
105,Smartfren,Super 4G Unlimited Bulanan 150K,"unlimited 1.75GB/Day FUP, 28 hari masa aktif",149000,149000,0
106,XL,"XTRA Combo 20GB+40GB, Double Youtube, 30hr","20GB Kuota Utama + 40GB Kuota Youtube (00:24 - 24:00) + Unlimited Kuota Youtube (01:00 - 06:00) + 60 Menit Nelpon ke Semua Operator. Masa aktif 30 hari, sisa kuota (Max. 1GB) dapat digunakan di bulan berikutnya.",179000,179000,0
107,XL,"XTRA Combo VIP 20GB+40GB, Double Youtube, 30hr","20GB Kuota Utama + 40GB Kuota Youtube (00:00 - 24:00) + Unlimited Kuota Youtube (01:00 - 06:00) + 60 Menit Nelpon ke Semua Operator. Masa aktif 30 hari, sisa kuota dapat digunakan di bulan berikutnya.",189000,189000,0
108,XL,"Internet Umroh & Haji 2GB+2GB, 45hr",2GB Kuota Utama untuk di Indonesia + 2GB Kuota Utama untuk di Arab Saudi. Masa aktif 45 hari. Syarat & ketentuan lebih lengkap di xl.co.id/umrohhaji,189000,189000,0
109,Smartfren,Smartfren Internet Volume 120GB,"Untuk Smartphone & Mifi, Kuota 24 jam 40 GB, Kuota Malam 80GB (01.00-04.59), Free On Net Call & SmartMusic Subscription, Masa berlaku 30 Hari",195000,195000,0
110,XL,"Akrab 144GB, 3 Anggota, 30hr", 45GB Kuota Bersama + Bonus Kuota Pribadi hingga 33GB per Anggota  + Unlimited Kuota Aplikai + Unlimited Nelpon & SMS ke XL/AXIS. Cek Kuota Pribadi di areamu xl.co.id/akrab,205000,205000,0
111,Smartfren,Super 4G Unlimited Bulanan 200K,"unlimited 2GB/Day FUP, 28 hari masa aktif",199000,199000,0
112,XL,"XTRA Combo 35GB+70GB, Double Youtube, 30hr","35GB Kuota Utama + 70GB Kuota Youtube (00:24 - 24:00) + Unlimited Kuota Youtube (01:00 - 06:00) + 90 Menit Nelpon ke Semua Operator. Masa aktif 30 hari, sisa kuota (Max. 1GB) dapat digunakan di bulan berikutnya.",239000,239000,0
113,XL,"XTRA Combo VIP 35GB+70GB, Double Youtube, 30hr","35GB Kuota Utama + 70GB Kuota Youtube (00:00 - 24:00) + Unlimited Kuota Youtube (01:00 - 06:00) + 90 Menit Nelpon ke Semua Operator. Masa aktif 30 hari, sisa kuota dapat digunakan di bulan berikutnya.",249000,249000,0
114,XL,Xtra Combo Flex Max 80GB + Kuota Area Hingga 105GB + Bonus Flex,80GB Kuota Utama + Kuota Area hingga 105GB + 90Mn Nelpon ke Semua Operator + Ambil bonus Kuota Utama/Xtra Unlimited Turbo/Vidio Platinum di myXL. Masa aktif Paket 30hr. Info lanjut di xl.co.id/xcfm,245000,245000,0
115,XL,"Akrab 260GB, 4 Anggota, 30hr",80GB Kuota Bersama + Bonus Kuota Pribadi hingga 45GB per Anggota + Unlimited Kuota Aplikasi + Unlimited Nelpon & SMS ke XL/AXIS. Cek Kuota Pribadi di areamu xl.co.id/akrab,320000,320000,0
116,Axis,Combo Mabrur & Haji 20 Hari,"""- Kuota nelpon dapat digunakan untuk melakukan panggilan ke nomor Indonesia (AXIS, XL & Operator lain) dan nomor Saudi Arabi, dan juga menerima panggilan telpon - Kuota SMS dapat digunakan untuk seluruh operator (baik Operator di Indonesia maupun di Luar Negeri) - Untuk data, setelah melewati FUP maka kecepatan akan turun menjadi 64kbps""",399000,399000,0
117,XL,"Internet Umroh & Haji 5GB+5GB, 45hr",5GB Kuota Utama untuk di Indonesia + 5GB Kuota Utama untuk di Arab Saudi. Masa aktif 45 hari. Syarat & ketentuan lebih lengkap di xl.co.id/umrohhaji,469000,469000,0
118,XL,"Akrab 460GB, 4 Anggota, 30hr",160GB Kuota Bersama + Bonus Kuota Pribadi hingga 75GB per Anggota  + Unlimited Kuota Aplikasi+ Unlimited Nelpon & SMS ke XL/AXIS. Cek Kuota Pribadi di areamu xl.co.id/akrab,515000,515000,0
119,XL,"Internet Umroh & Haji 25GB+25GB, 60hr",25GB Kuota Utama untuk di Indonesia + 25GB Kuota Utama untuk di Arab Saudi. Masa aktif 60 hari. Syarat & ketentuan lebih lengkap di xl.co.id/umrohhaji,999000,999000,0
120,XL,"Xtra Conference 2GB, 1hr","Kuota utama 2GB, Dapat digunakan di jaringan 2G/3G/4G dari jam 00.00-24.00 WIB, Dapat digunakan untuk apps Microsoft Teams, Zoom, Google Meet, Google Hangout, Google Classroom, Masa aktif 1 hari",2938,2938,62
121,Tri,Happy 1.5GB 1 hari,"""Kuota 1.5GB (semua jaringan 24 jam), masa aktif 1 hari. Pembelian lebih dari satu kali atau Paket Happy Lainnya, sisa kuota akan reset dan tergantikan oleh Paket Happy yang terbaru. Berhenti berlangganan ketik STOP HARIAN kirim ke 234""",3900,3900,0
122,XL,"Xtra Conference 5GB, 3hr","Kuota utama 5GB, Dapat digunakan di jaringan 2G/3G/4G dari jam 00.00-24.00 WIB, Dapat digunakan untuk apps Microsoft Teams, Zoom, Google Meet, Google Hangout, Google Classroom, Masa aktif 3 hari",4938,4938,62
123,Tri,PAKET DATA THREE 750 MB 24JAM MASA AKTIF 14 HARI,PAKET DATA THREE 750 MB 24JAM MASA AKTIF 14 HARI,4600,4600,0
124,Tri, Happy 2.5GB 1 hari,"""Kuota 2.5GB (semua jaringan 24 jam), masa aktif 1 hari. Pembelian lebih dari satu kali atau Paket Happy Lainnya, sisa kuota akan reset dan tergantikan oleh Paket Happy yang terbaru. Berhenti berlangganan ketik STOP HARIAN kirim ke 234""",5250,5250,0
125,Tri,PAKET DATA THREE 1 GB 24JAM MASA AKTIF 30 HARI,PAKET DATA THREE 1 GB 24JAM MASA AKTIF 30 HARI,6250,6250,0
126,Telkomsel,Telkomsel Data Flash 250MB,"250MB All Network, bebas zona, masa aktif 7 hari.",9955,9955,0
127,Axis,Paket KANGEN 30 menit 7 hari,"Kuota nelpon 30 menit ke semua operator, masa aktif 7 hari.",8750,8750,1150
128,Tri,Happy 1.5GB 7 hari,"""Kuota 1.5GB (semua jaringan 24 jam), masa aktif 7 hari. Pembelian lebih dari satu kali atau Paket Happy Lainnya, sisa kuota akan reset dan tergantikan oleh Paket Happy yang terbaru. Berhenti berlangganan ketik STOP MINGGUAN kirim ke 234""",8750,8750,0
129,Tri,"PAKET DATA THREE 1,5 GB 24JAM MASA AKTIF 14 HARI","PAKET DATA THREE 1,5 GB 24JAM MASA AKTIF 14 HARI",9500,9500,0
130,Tri,Happy 5GB 1 hari,"""Kuota 5GB (semua jaringan 24 jam), masa aktif 1 hari. Pembelian lebih dari satu kali atau Paket Happy Lainnya, sisa kuota akan reset dan tergantikan oleh Paket Happy yang terbaru. Berhenti berlangganan ketik STOP HARIAN kirim ke 234""",9750,9750,0
131,Indosat,Paket Nelpon Obrol Sepuasnya ke Sesama 30 Hari,Nelp Sepuasnya ke Sesama IM3 dan Tri & Spesial Tarif Nelp ke operator lain Rp 10/detik. Masa aktif 30 hari,9900,9900,0
132,Telkomsel, PAKET BICARA SEMUA OPERATOR 1HARI , 280menit Onnet + 5menit AllOpr ,11500,11500,0
133,XL,"Xtra Conference 15GB, 7hr","Kuota utama 15GB, Dapat digunakan di jaringan 2G/3G/4G dari jam 00.00-24.00 WIB, Dapat digunakan untuk apps Microsoft Teams, Zoom, Google Meet, Google Hangout, Google Classroom, Masa aktif 7 hari",11874,11874,126
134,Telkomsel,"Telkomsel Data Flash 500MB, 15Hr"," 500MB All Network, bebas zona, masa aktif 15 hari.",16980,16980,0
135,Tri,Happy 3GB 3 hari,"""Kuota 3GB (semua jaringan 24 jam), masa aktif 3 hari. Pembelian lebih dari satu kali atau Paket Happy Lainnya, sisa kuota akan reset dan tergantikan oleh Paket Happy yang terbaru. Berhenti berlangganan ketik STOP MINGGUAN kirim ke 234""",10750,10750,0
136,Indosat,Freedom Internet Sachet 2.5GB/5Hari,"• Kuota Utama 2.5GB, masa aktif 5 Hari. • Pembelian paket akan menggantikan paket yg masih aktif.",10950,10950,0
137,XL,"AnyNet 400 Menit, 7 hari",Paket AnyNet 400 Menit. Masa aktif 7 hari.,11750,11750,250
138,Tri,PAKET DATA THREE 2 GB 24JAM MASA AKTIF 30 HARI,PAKET DATA THREE 2 GB 24JAM MASA AKTIF 30 HARI,12450,12450,0
139,Tri,Happy 5GB 3 hari,"""Kuota 5GB (semua jaringan 24 jam), masa aktif 3 hari. Pembelian lebih dari satu kali atau Paket Happy Lainnya, sisa kuota akan reset dan tergantikan oleh Paket Happy yang terbaru. Berhenti berlangganan ketik STOP MINGGUAN kirim ke 234""",14500,14500,0
140,Tri,Happy 3GB 30 hari,"""Kuota 3GB (semua jaringan 24 jam), masa aktif 30 hari. Pembelian lebih dari satu kali atau Paket Happy Lainnya, sisa kuota akan reset dan tergantikan oleh Paket Happy yang terbaru. Berhenti berlangganan ketik STOP BULANAN kirim ke 234""",14500,14500,0
141,Axis,AIGO Bronet 24Jam 1GB 30hr,"Kuota Utama 1GB, Kuota Lokal mulai 0,5GB berlaku di area tertentu, masa aktif paket 30hari. Cek Kuota Utama/Lokal/sisa kuota di AXISnet. Unduh AXISnet dari Google Play atau Apple Store. Bronet 30hari tidak berlaku perpanjangan",16000,16000,0
142,Telkomsel,"Telkomsel Data Flash 1GB, 7Hr"," Kuota utama 1GB, masa aktif 7 Hari",24280,24280,0
143,Tri,AON 2.5GB,"Kuota AlwaysOn = 2.5GB, aktif selamanya (mengikuti masa aktif kartu).Menambah masa aktif kartu 90 hari. Maksimal masa aktif kartu 365 hari.",15400,15400,0
144,Tri,Paket Bebas Bicara 60 Menit,60 Menit (24 jam ke Semua Operator di Indonesia) Masa Berlaku: 30 hari (Sampai Pukul 23.59) Perpanjangan Otomatis: Ya Berhenti Perpanjangan: SMS ketik STOP(spasi)ANYNET ke 123,15500,15500,0
145,Tri,"PAKET DATA THREE 2,5 GB 24JAM MASA AKTIF 14 HARI","PAKET DATA THREE 2,5 GB 24JAM MASA AKTIF 14 HARI",15750,15750,0
146,Telkomsel,Paket Data Zoom 1 Hari,"Kuota Internet ZOOM 500Mb, masa aktif 1 hari",15125,15125,0
147,Indosat,Freedom Internet 2GB / 30 Hari + Bonus Kuota Zona Hingga 2GB,"• Kuota Utama 2GB, masa aktif 30 hari • Bonus tambahan kuota zona hingga 2GB, jika registrasi paket di zona kuota plus Freedom Internet. Info im3.do/kuotaplusec • Baru! Nelpon sepuasnya ke sesama IM3 & Tri, suara lebih jernih didukung jaringan VoLTE • Pembelian paket akan menggantikan paket yg masih aktif",17750,17750,0
148,Axis,AIGO Bronet Mini 2GB 7hr,"Kuota Utama 2GB, Kuota Lokal mulai 1GB dan Bonus kuota video/sosmed/games di area tertentu, masa aktif paket 7hari. Cek Kuota Utama/Lokal/sisa kuota di AXISnet. Unduh AXISnet dari Google Play atau Apple Store. Bronet Mini tidak berlaku perpanjangan",18400,18400,0
149,Tri,AON 3.5GB,"Kuota AlwaysOn = 3.5GB, aktif selamanya (mengikuti masa aktif kartu). Menambah masa aktif kartu 90 hari. Maksimal masa aktif kartu 365 hari.",20125,20125,0
150,Tri,Happy 6GB 5 hari,"""Kuota 6GB (semua jaringan 24 jam), masa aktif 5 hari. Pembelian lebih dari satu kali atau Paket Happy Lainnya, sisa kuota akan reset dan tergantikan oleh Paket Happy yang terbaru. Berhenti berlangganan ketik STOP MINGGUAN kirim ke 234""",20500,20500,0
151,Telkomsel,PAKET INTERNET HARIAN 20K 1 HARI,KUOTA 6GB sd 8GB,20525,20525,0
152,Telkomsel, PAKET BICARA SEMUA OPERATOR 3HARI , 585menit Onnet + 25menit AllOpr ,24500,24500,0
153,Axis,Paket Internet Axis BRONET 4G OWSEM 1GB+1GB (4G),Kuota Data 1GB + 1GB (4G). Masa aktif 30 hari.,20900,20900,3000
154,Axis,AIGO Bronet 24Jam 2GB 30hr,"Kuota Utama 2GB, Kuota Lokal mulai 1GB berlaku di area tertentu, 30hari. Cek Kuota Utama/Lokal/sisa kuota di AXISnet. Unduh AXISnet dari Google Play atau Apple Store. Bronet 30hari tidak berlaku perpanjangan ",25900,25900,0
155,Tri,PAKET DATA THREE 4 GB 24JAM MASA AKTIF 14 HARI,PAKET DATA THREE 4 GB 24JAM MASA AKTIF 14 HARI,25250,25250,0
156,Axis,Paket KANGEN 100 menit 30 hari,"Kuota nelpon 100 menit ke semua operator, masa aktif 30 hari.",26400,26400,1500
157,Indosat,Paket Nelpon Obrol Sepuasnya ke Sesama + 60 menit ke Semua 30 Hari,Nelp Sepuasnya ke Sesama IM3 dan Tri & 60 Menit Nelp ke operator lain. Masa aktif 30 hari,24750,24750,0
158,Telkomsel,"Kuota MaxStream 5GB + 1GB All network, 30 hari",Kuota MAXstream 5GB + All network 1GB. Masa aktif 30 hari,26500,26500,0
159,Telkomsel,Paket Bicara Telkomsel 25.000,550 menit nelpon ke sesama Telkomsel dan 50 menit all operator. Masa aktif 7 hari. Kuota zona berlaku.,26500,26500,0
160,Telkomsel,Telkomsel Data SMULE 1GB,"Kuota Utama 	1GB Internet, 1GB DPI MusicMax, 30 Hari SMULE VIP, 30 hari.",26500,26500,0
161,Telkomsel, PAKET BICARA SEMUA OPERATOR 7HARI , 780menit Onnet + 50menit AllOpr ,28500,28500,0
162,Telkomsel,Paket Data Zoom 3 Hari,"Kuota Internet ZOOM 1.5GB, masa aktif 3 hari",25000,25000,0
163,Telkomsel,MusicMAX,"Data Package of 1.25 GB kuota National, 0.25 GB kuota YouTube, 5 GB Music Apps DPI (Spotify, JOOX, Langit Musik, Resso, Dezeer, Smule, Wesing, Starmaker) Bonus: Langit Musik Premium 30 Days + 2 NSP 30 Days",26000,26000,0
164,Telkomsel,MusicMAX Smule,"Data Package of 1.25 GB kuota National, 0.25 GB kuota YouTube, 5 GB Music Apps DPI Smule 32874 25,000 30 days Bonus: Voucher Smule VIP 30 Days",26000,26000,0
165,Telkomsel,Paket Telpon (375-900 Menit On Net + 50 Menit Off Net) 7 Hari,Paket telpon sampai dengan 900 Menit ke sesama operator dan 50 Menit ke Operator lain. Masa aktif 7 Hari,27500,27500,0
166,Indosat,Indosat Paket Unlimited Nelpon Sesama 30 Hari,Paket telpon unlimited ke sesama operator. Masa aktif 30 Hari,27500,27500,0
167,Indosat,Indosat Paket Unlimited Nelpon Sesama + 60 Menit All 30 Hari,Paket telpon unlimited ke sesama operator dan 60 Menit ke semua operator. Masa aktif 30 Hari,28000,28000,0
168,Tri,Happy 7GB 30 hari + TikTok 5GB,"""Kuota 7GB (semua jaringan 24 jam), masa aktif 30 hari. Bonus kuota TikTok 5GB 5 hari (1GB/hari).  Pembelian lebih dari satu kali atau Paket Happy Lainnya, sisa kuota akan reset dan tergantikan oleh Paket Happy yang terbaru. Berhenti berlangganan ketik STOP BULANAN kirim ke 234.""",29000,29000,0
169,Tri,AON 6GB,"Kuota AlwaysOn = 6GB, aktif selamanya (mengikuti masa aktif kartu). Menambah masa aktif kartu 90 hari. Maksimal masa aktif kartu 365 hari.",29000,29000,0
170,XL,Paket Internet XL HotRod 800MB,Kuota Utama 800MB (2G/3G/4G). Masa aktif 30 hari.,29900,29900,100
171,XL,"XTRA Bicara Nelpon dan Internet, 30 hari",Paket XTRA Bicara Nelpon dan Internet. Masa aktif 30 hari.,29400,29400,600
172,Tri,"Tri Keep ON 5 GB, 30Hr"," 8,5 GB semua jaringan Tri + 100 mnt ke sesama Tri + 100 sms ke sesama Tri + games di trixogo dan nonton Viu 30 hari",29500,29500,0
173,Tri,Paket Bebas Bicara 150 Menit,150 Menit 24jam ke Semua Operator di Indonesia/30 hari (Sampai Pukul 23.59),30000,30000,0
174,Axis,AIGO Bronet 24Jam 3GB 30hr,"Kuota Utama 3GB, Kuota Lokal mulai 2GB berlaku di area tertentu, 30hari. Cek Kuota Utama/Lokal/sisa kuota di AXISnet. Unduh AXISnet dari Google Play atau Apple Store. Bronet 30hari tidak berlaku perpanjangan",32900,32900,0
175,Telkomsel,PAKET INTERNET MINGGUAN 30K,"KUOTA 1,2GB sd 2,5GB",31325,31325,0
176,Tri,PAKET DATA THREE 5 GB 24JAM MASA AKTIF 30 HARI,PAKET DATA THREE 5 GB 24JAM MASA AKTIF 30 HARI,30500,30500,0
177,Indosat, Freedom Combo 6GB / 30 Hari,"• Kuota Utama 4GB+Kuota Malam 2GB, • Baru! Kini dgn Nelpon Sepuasnya Ke Sesama IM3 & Tri+Nelp operator lain 5Menit. • Masa aktif 30 hari. • Pembelian paket akan menggantikan paket yg masih aktif.",30900,30900,0
178,Indosat, Freedom U 5.5GB / 30 Hari,"• Kuota utama 1GB + Kuota Youtube, Netflix, Instagram, Zoom & Apps 4.5GB. • Kelebihan Penggunaan Apps akan menggunakan kuota utama. • Pulsa Safe hingga 64Kbps berlaku jika kuota utama habis. • Baru! Kini dgn Nelpon Sepuasnya Ke Sesama IM3 & Tri. • Masa aktif 30 hari. • Pembelian paket akan menggantikan paket yg masih aktif.",30900,30900,0
179,Axis,AIGO Bronet Mini 5GB 15hr,"Kuota Utama 5GB, Kuota Lokal mulai 4GB dan Bonus kuota video/sosmed/games di area tertentu, masa aktif paket 15hari. Cek Kuota Utama/Lokal/sisa kuota di AXISnet. Unduh AXISnet dari Google Play atau Apple Store. Bronet Mini tidak berlaku perpanjangan",34900,34900,0
180,Axis,Paket Internet Axis BRONET 4G OWSEM 1GB+3GB (4G),Kuota Data 1GB + 3GB (4G). Masa aktif 30 hari.,34250,34250,4650
181,XL,"XTRA Bicara Nelpon, SMS, Internet, 30 hari","Paket XTRA Bicara Nelpon, SMS dan Internet. Masa aktif 30 hari.",34300,34300,700
182,Telkomsel,PAKET DATA TINDER,"Paket Data 1GB Kuota Nasiona, 1GB Kuota Tinder App, Bonus Tinder Plus Voucher All service valid for 30hari",35775,35775,0
183,Indosat,Freedom Internet 6.5GB / 30 Hari + Bonus Kuota Zona Hingga 6.5GB,"• Kuota Utama 6.5GB, masa aktif 30 hari • Bonus tambahan kuota zona hingga 6.5GB, jika registrasi paket di zona kuota plus Freedom Internet. Info im3.do/kuotaplusec • Baru! Nelpon sepuasnya ke sesama IM3 & Tri, suara lebih jernih didukung jaringan VoLTE • Pembelian paket akan menggantikan paket yg masih aktif",34900,34900,0
184,XL,"AnyNet 150 Menit, 30 hari",Paket AnyNet 150 Menit. Masa aktif 30 hari.,39200,39200,800
185,Telkomsel,PAKET INTERNET HARIAN 40K 3 HARI,KUOTA 4GB sd 17GB,41125,41125,0
186,Telkomsel, PAKET BICARA SESAMA TELKOMSEL 7HARI , 3400 menit Onnet ,44500,44500,0
187,Axis,OWSEM 16GB + Unlimited Games 30 Hari,"Kuota Utama 2GB + kuota malam 6GB (00-06). Kuota musik 4GB + kuota Sosmed 4GB + kuota Gaming 1GB/hari (FreeFire, Mobile Legends, AOV, ASPHALT Legends, Vainglory, Modern Combat 5), Masa aktif 30 hari.",42500,42500,1400
188,Indosat, Freedom Combo 10GB / 30 Hari,"• Kuota Utama 7GB+Kuota Malam 3GB, • Baru! Kini dgn Nelpon Sepuasnya Ke Sesama IM3 & Tri+Nelp semua operator 10Menit. • Masa aktif 30 hari. • Pembelian paket akan menggantikan paket yg masih aktif.",41850,41850,0
189,Tri,Happy 11GB 30 hari + TikTok 5GB,"""Kuota 11GB (semua jaringan 24 jam), masa aktif 30 hari. Bonus kuota TikTok 5GB 5 hari (1GB/hari).  Pembelian lebih dari satu kali atau Paket Happy Lainnya, sisa kuota akan reset dan tergantikan oleh Paket Happy yang terbaru. Berhenti berlangganan ketik STOP BULANAN kirim ke 234.""",44250,44250,0
190,Axis,AIGO Bronet 24Jam 5GB 30hr,"Kuota Utama 5GB, Kuota Lokal mulai 3GB berlaku di area tertentu, 30hari. Cek Kuota Utama/Lokal/sisa kuota di AXISnet. Unduh AXISnet dari Google Play atau Apple Store. Bronet 30hari tidak berlaku perpanjangan.",47900,47900,0
191,Telkomsel,PAKET INTERNET MINGGUAN 45K,"KUOTA 2,5GB sd 6GB",46600,46600,0
192,Tri,AddOn 12GB,10GB (semua jaringan 24jam) + 2 GB (youtube/netflix) 30 Hari,48000,48000,0
193,XL,Paket Internet XL HotRod 1.5GB,Kuota Utama 1.5GB (2G/3G/4G). Masa aktif 30 hari.,48885,48885,1115
194,Indosat,Paket Nelpon Obrol Sepuasnya ke Sesama + 250 menit ke Semua 30 Hari,Nelp Sepuasnya ke Sesama IM3 dan Tri & 250 Menit Nelp ke operator lain. Masa aktif 30 hari,49000,49000,0
195,Tri,Paket Bebas Bicara 250 Menit,250 Menit 24jam ke Semua Operator di Indonesia/30 hari (Sampai Pukul 23.59),50000,50000,0
196,Tri,Internet 10GB + Klikfilm 30 Hari,2GB semua jaringan + 8GB 4G + Akses Klikfilm 30 hari,67500,67500,0
197,Telkomsel,Paket Data Zoom 7 Hari,"Kuota Internet ZOOM 4GB, masa aktif 7 hari",50000,50000,0
198,Tri,AON 12GB,"Kuota AlwaysOn = 12GB, aktif selamanya (mengikuti masa aktif kartu). Menambah masa aktif kartu 90 hari. Maksimal masa aktif kartu 365 hari.",53250,53250,0
199,Indosat, Freedom U 10GB / 30 Hari,"• Kuota utama 2GB + Kuota Youtube, Netflix, Instagram, Zoom & Apps 8GB. • Kelebihan Penggunaan Apps akan menggunakan kuota utama. • Pulsa Safe hingga 64Kbps berlaku jika kuota utama habis. • Baru! Kini dgn Nelpon Sepuasnya Ke Sesama IM3 & Tri. • Masa aktif 30 hari. • Pembelian paket akan menggantikan paket yg masih aktif.",51500,51500,0
200,Axis,OWSEM 24GB + Unlimited Games 30 Hari,"Kuota utama 3GB + kuota malam 9GB (00-06), Kuota musik 6GB + kuota Sosmed 6GB + kuota Gaming 1GB/hari (FreeFire, Mobile Legends, AOV, ASPHALT Legends, Vainglory, Modern Combat 5). Masa aktif 30 hari. ",54900,54900,1000
201,Axis,Paket Internet Axis BRONET 4G OWSEM 2GB+6GB (4G),Kuota Data 2GB + 6GB (4G). Masa aktif 30 hari.,54500,54500,7400
202,Tri,Happy 18GB 30 hari + TikTok 5GB,"Kuota 18GB (semua jaringan 24 jam), masa aktif 30 hari. Bonus kuota TikTok 5GB 5 hari (1GB/hari).  Pembelian lebih dari satu kali atau Paket Happy Lainnya, sisa kuota akan reset dan tergantikan oleh Paket Happy yang terbaru. Berhenti berlangganan ketik STOP BULANAN kirim ke 234.",58500,58500,0
203,Telkomsel,Paket Bicara Telkomsel 50.000,1000 menit Onnet + 100 menit all operator. Masa aktif 30 hari. Kuota zona berlaku.,59300,59300,0
204,XL,Paket Internet XL HotRod 3GB,Kuota Utama 3GB (2G/3G/4G). Masa aktif 30 hari.,58712,58712,1288
205,XL,"AnyNet 250 Menit, 30 hari",Paket AnyNet 250Menit. Masa aktif 30 hari.,58800,58800,1200
206,Axis,AIGO Bronet 24Jam 8GB 30hr,"Kuota Utama 8GB, Kuota Lokal mulai 4GB berlaku di area tertentu, 30hari. Cek Kuota Utama/Lokal/sisa kuota di AXISnet. Unduh AXISnet dari Google Play atau Apple Store. Bronet 30hari tidak berlaku perpanjangan",64900,64900,0
207,Tri,PAKET DATA THREE 10 GB 24JAM MASA AKTIF 30 HARI,PAKET DATA THREE 10 GB 24JAM MASA AKTIF 30 HARI,61500,61500,0
208,Tri,"Tri Keep ON 8.5 GB, 30Hr","8,5 GB semua jaringan Tri + 100 mnt ke sesama Tri + 100 sms ke sesama Tri + games di trixogo dan nonton Viu 30 hari",61000,61000,0
209,Axis,OWSEM 32GB + Unlimited Games 30 Hari,"	Kuota utama 4 GB, kuota malam 12GB (00-06), Kuota music 8GB, Sosmed 8GB, Gaming kuota 1GB/hari (FreeFire, Mobile Legends, AOV, ASPHALT Legends, Vainglory, Modern Combat 5). Masa aktif 30 hari. ",63500,63500,2400
210,Indosat,Freedom Combo 20GB / 30 Hari,• Kuota Utama 15GB+Kuota Malam 5GB. • Baru! Kini dgn Nelpon Sepuasnya Ke Sesama IM3 & Tri+Nelp ke Oprtr Lain 15Menit. • Masa aktif 30 hari. • Pembelian paket akan menggantikan paket yg masih aktif.,63780,63780,0
211,Tri,Internet 10GB + VIU 30 Hari,2GB semua jaringan + 8GB 4G + Akses Viu 30 hari.,67500,67500,0
212,Tri,Happy 30GB 30 hari + TikTok 5GB,"""Kuota 30GB (semua jaringan 24 jam), masa aktif 30 hari. Bonus kuota TikTok 5GB 5 hari (1GB/hari).  Pembelian lebih dari satu kali atau Paket Happy Lainnya, sisa kuota akan reset dan tergantikan oleh Paket Happy yang terbaru. Berhenti berlangganan ketik STOP BULANAN kirim ke 234.""",68000,68000,0
213,Axis,Paket Internet Axis BRONET 8GB 60 Hari NEW!,Kuota 8GB (2G/3G/4G) 24Jam. Masa aktif 60 hari.,71750,71750,4150
214,Axis,Paket Internet Axis BRONET 4G OWSEM 3GB+9GB (4G),Kuota Data 3GB + 9GB (4G). Masa aktif 30 hari.,68500,68500,12400
215,Tri,AON Unlimited 26GB,6GB AON (aktif selamanya) + 20GB Unlimited 01-17 (30 hari).,72500,72500,0
216,Tri,AddOn 32GB,2GB (semua jaringan 24jam) + 15GB (500MB/Hari) + 15GB (01-17) 30 Hari,72000,72000,0
217,XL,"AnyNet 325 Menit, 30 hari",Paket AnyNet 325 Menit. Masa aktif 30 hari.,73500,73500,1500
218,Indosat, Freedom U 20GB / 30 Hari ,"• Kuota utama 3GB + Kuota Youtube, Netflix, Instagram, Zoom & Apps 17GB. • Kelebihan Penggunaan Apps akan menggunakan kuota utama. • Pulsa Safe hingga 64Kbps berlaku jika kuota utama habis. • Baru! Kini dgn Nelpon Sepuasnya Ke Sesama IM3 & Tri. • Masa aktif 30 hari. • Pembelian paket akan menggantikan paket yg masih aktif.",73000,73000,0
219,Telkomsel,PAKET INTERNET BULANAN OMG! 75K,KUOTA 4GB sd 13GB + 2GB OMG!,78000,78000,0
220,Axis,OWSEM 48GB + Unlimited Games 30 Hari,"Kuota utama 6 GB, kuota malam 18GB (00-06), Kuota music 12GB, Sosmed 12GB, Gaming kuota 1GB/hari (FreeFire, Mobile Legends, AOV, ASPHALT Legends, Vainglory, Modern Combat 5). Masa aktif 30 hari.",81500,81500,2400
221,Tri,"Tri Happy 26GB, 30Hr","8,5 GB semua jaringan Tri + 100 mnt ke sesama Tri + 100 sms ke sesama Tri + games di trixogo dan nonton Viu 30 hari",79900,79900,0
222,Axis,Paket Internet Axis BRONET 10GB 60 Hari,Kuota 10GB (2G/3G/4G) 24Jam. Masa aktif 60 hari.,87900,87900,0
223,Tri,Happy 42GB 30 hari + TikTok 5GB,"""Kuota 42GB (semua jaringan 24 jam), masa aktif 30 hari. Bonus kuota TikTok 5GB 5 hari (1GB/hari).  Pembelian lebih dari satu kali atau Paket Happy Lainnya, sisa kuota akan reset dan tergantikan oleh Paket Happy yang terbaru. Berhenti berlangganan ketik STOP BULANAN kirim ke 234.""",82500,82500,0
224,Telkomsel,Telkomsel Data Flash 5GB,Kuota utama 5GB,88980,88980,0
225,Tri,AddOn 38GB,8GB (semua jaringan 24jam) + 15GB (500MB/Hari) + 15GB (01-17) 30 Hari,82000,82000,0
226,Indosat,Freedom Combo 30GB / 30 Hari,• Kuota Utama 23GB+Kuota Malam 7GB. • Baru! Kini dgn Nelpon Sepuasnya Ke Sesama IM3 & Tri+Nelp ke Oprtr Lain 20 Menit. • Masa aktif 30 hari. • Pembelian paket akan menggantikan paket yg masih aktif.,85330,85330,0
227,Telkomsel, PAKET BICARA SEMUA OPERATOR 30HARI ,1500-1400 onnet + 100 mins all opr 14 Hari,88750,88750,0
228,Telkomsel,Paket Telpon (1.400-3.900 Menit On Net + 100 Menit Off Net) 30 Hari,Paket telpon sampai dengan 3.900 Menit ke sesama operator dan 100 Menit ke Operator lain. Masa aktif 30 Hari,94500,94500,0
229,Axis,Paket Internet Axis BRONET 12GB 60 Hari,Kuota 12GB (2G/3G/4G) 24Jam. Masa aktif 60 hari.,97900,97900,0
230,Tri,AON 40GB,"Kuota AlwaysOn = 40GB, aktif selamanya (mengikuti masa aktif kartu). Menambah masa aktif kartu 90 hari. Maksimal masa aktif kartu 365 hari.",98000,98000,0
231,Axis,OWSEM 80GB + Unlimited Games 30 Hari,"	Kuota utama 10 GB, kuota malam 30GB (00-06), Kuota music 20GB, Sosmed 20GB, Gaming kuota 1GB/hari (FreeFire, Mobile Legends, AOV, ASPHALT Legends, Vainglory, Modern Combat 5). Masa aktif 30 hari.",102500,102500,2400
232,XL,Paket Internet XL HotRod 6GB,Kuota Utama 6GB (2G/3G/4G). Masa aktif 30 hari.,97900,97900,2100
233,XL,"Anynet 300 menit, 90 hari",Paket AnyNet 300 Menit. Masa aktif 90 hari.,97900,97900,2100
234,Telkomsel,"Kuota MaxStream 20GB + 4GB All network, 30 hari",Kuota MAXstream 20GB + All network 4GB. Masa aktif 30 hari,104500,104500,0
235,Tri,Happy 55GB 30 hari + TikTok 5GB,"""Kuota 55GB (semua jaringan 24 jam), masa aktif 30 hari. Bonus kuota TikTok 5GB 5 hari (1GB/hari).  Pembelian lebih dari satu kali atau Paket Happy Lainnya, sisa kuota akan reset dan tergantikan oleh Paket Happy yang terbaru. Berhenti berlangganan ketik STOP BULANAN kirim ke 234.""",109000,109000,0
236,Telkomsel, PAKET BICARA SESAMA TELKOMSEL 30HARI ,3650 min onnet-3600 onnet 14 Hari,123575,123575,0
237,Tri,Home 117GB,17GB (semua jaringan 24jam) + 40GB (weekend) + 60GB (01-17) 30 Hari,112000,112000,0
238,Telkomsel,PAKET INTERNET BULANAN OMG! 110K,KUOTA 7GB sd 23GB + 2GB OMG!,114500,114500,0
239,Axis,Paket Internet Axis BRONET 16GB 60 Hari,Kuota 16GB (2G/3G/4G) 24Jam. Masa aktif 60 hari.,119900,119900,0
240,XL,Paket Internet XL HotRod 8GB,Kuota Utama 8GB (2G/3G/4G). Masa aktif 30 hari.,127895,127895,2105
241,Tri,Happy 100GB 30 Hari + TikTok 5GB,"""Kuota 100GB (semua jaringan 24 jam), masa aktif 30 hari. Bonus kuota TikTok 5GB 5 hari (1GB/hari).  Pembelian lebih dari satu kali atau Paket Happy Lainnya, sisa kuota akan reset dan tergantikan oleh Paket Happy yang terbaru. Berhenti berlangganan ketik STOP BULANAN kirim ke 234.""",134000,134000,0
242,Telkomsel,Paket Data Zoom 30 Hari,"Kuota Internet ZOOM 15GB, masa aktif 30 hari",132400,132400,0
243,XL,"AnyNet 500 Menit, 30 hari",Paket AnyNet 500 Menit. Masa aktif 30 hari.,137200,137200,2800
244,Telkomsel,Paket Telpon (4.700-10.200 Menit On Net + 200 Menit Off Net) 30 Hari,Paket telpon sampai dengan 10.200 Menit ke sesama operator dan 200 Menit ke Operator lain. Masa aktif 30 Hari,148000,148000,0
245,Tri,Home 150GB, Kuota Utama 15GB + 60GB (Weekend) + 75GB (01:00 - 17:00).Masa aktif 30 hari ,143500,143500,0
246,XL,Paket AnyNet 500 Menit 90 Hari,Paket AnyNet 500 Menit. Masa aktif 90 hari.,144000,144000,6000
247,Telkomsel,"Kuota MaxStream 30GB + 10GB All network, 30 hari",Kuota MAXstream 30GB + All network 10GB. Masa aktif 30 hari,158200,158200,0
248,Telkomsel,PAKET INTERNET BULANAN OMG! 160K,KUOTA 19GB sd 48GB + 2GB OMG!,165750,165750,0
249,Indosat, Freedom Combo 60GB / 30 Hari,• Kuota Utama 45GB+Kuota Malam 15GB. • Baru! Kini dgn Nelpon Sepuasnya Ke Sesama IM3 & Tri+Nelp ke Oprtr Lain 30 Menit. • Masa aktif 30 hari. • Pembelian paket akan menggantikan paket yg masih aktif.,162600,162600,0
250,XL,Paket Internet XL HotRod 12GB,Kuota Utama 12GB (2G/3G/4G). Masa aktif 30 hari.,175895,175895,4105
251,Telkomsel,PAKET INTERNET BULANAN OMG! 210K,KUOTA 43GB sd 83GB + 2GB OMG!,217025,217025,0
252,XL,Paket Internet XL HotRod 16GB,Kuota Utama 16GB (2G/3G/4G). Masa aktif 30 hari.,215000,215000,5000
253,XL,Paket Akrab 460GB + Bonus Pulsa 100.000,160GB Kuota Bersama + Bonus Kuota Pribadi hingga 75GB per Anggota + Unlimited Kuota Aplikasi Produktivitas + Unlimited Nelpon & SMS ke XL/AXIS + Bonus Pulsa 100.000. Detail Area bisa dilihat di xl.co.id/akrab,515000,515000,0
